{"accuracy": [0.5959029793739319, 0.862835168838501, 0.9160253405570984, 0.941617488861084, 0.9548047780990601, 0.9656020998954773, 0.9716196060180664, 0.9761860966682434, 0.9792588353157043, 0.9832847118377686], "loss": [1.3716245889663696, 0.43483248353004456, 0.25829803943634033, 0.18139483034610748, 0.13582837581634521, 0.10359810292720795, 0.08621437102556229, 0.07262076437473297, 0.06384012848138809, 0.052184030413627625], "val_accuracy": [0.8172091841697693, 0.9113931059837341, 0.9203847050666809, 0.9490097761154175, 0.9326200485229492, 0.9550421237945557, 0.9609606266021729, 0.9462212324142456, 0.954643726348877, 0.9714318513870239], "val_loss": [0.5731862187385559, 0.26918068528175354, 0.24586491286754608, 0.16404464840888977, 0.21423505246639252, 0.15108543634414673, 0.13086910545825958, 0.17660675942897797, 0.15264061093330383, 0.09956356137990952]}